315,Health & Beauty > Health Care > Fitness & Nutrition > Vitamins & Supplements
323,Health & Beauty > Health Care > Fitness & Nutrition > Vitamins & Supplements
317,Health & Beauty > Health Care > Fitness & Nutrition > Vitamins & Supplements
318,Health & Beauty > Health Care > Fitness & Nutrition > Vitamins & Supplements
319,Health & Beauty > Health Care > Fitness & Nutrition > Vitamins & Supplements
320,Health & Beauty > Health Care > Fitness & Nutrition > Vitamins & Supplements
382,Health & Beauty > Health Care > Fitness & Nutrition > Vitamins & Supplements
322,Health & Beauty > Health Care > Fitness & Nutrition > Vitamins & Supplements
323,Health & Beauty > Health Care > Fitness & Nutrition > Vitamins & Supplements
324,Baby & Toddler > Nursing & Feeding
326,Health & Beauty > Health Care > Fitness & Nutrition > Vitamins & Supplements
327,Health & Beauty > Health Care > Fitness & Nutrition > Vitamins & Supplements
328,Health & Beauty > Health Care
329,Health & Beauty > Health Care > Fitness & Nutrition > Vitamins & Supplements
524,Health & Beauty > Health Care > Fitness & Nutrition > Vitamins & Supplements
351,Health & Beauty > Personal Care > Cosmetics > Skin Care
352,Health & Beauty > Personal Care > Cosmetics
353,Health & Beauty > Personal Care > Cosmetics > Nail Care
354,Health & Beauty > Personal Care > Cosmetics > Nail Care
355,Health & Beauty > Personal Care > Cosmetics > Skin Care
356,Health & Beauty > Personal Care > Feminine Sanitary Supplies
375,Health & Beauty > Personal Care > Cosmetics > Bath & Body
358,Health & Beauty > Personal Care > Foot Care
375,Health & Beauty > Personal Care > Shaving & Grooming > Hair Removal
360,Health & Beauty > Personal Care
361,Health & Beauty > Personal Care > Hair Care > Hair Color
362,Health & Beauty > Personal Care > Cosmetics > Makeup > Lip Makeup
363,Health & Beauty > Personal Care > Deodorant & Anti-Perspirant
364,Health & Beauty > Personal Care > Oral Care
365,Health & Beauty > Health Care > Incontinence Aids
366,Health & Beauty > Personal Care
367,Health & Beauty > Personal Care > Cosmetics > Skin Care > Anti-Aging Skin Care Kits
371,Health & Beauty > Health Care
374,Health & Beauty > Health Care
375,Health & Beauty > Personal Care
376,Health & Beauty > Personal Care
378,Health & Beauty > Health Care
379,Health & Beauty > Health Care
380,Health & Beauty > Personal Care > Oral Care
381,Health & Beauty > Health Care
382,Health & Beauty > Health Care
383,Health & Beauty > Health Care
384,Health & Beauty > Personal Care > Cosmetics > Skin Care > Acne Treatments & Kits
385,Health & Beauty > Health Care
386,Health & Beauty > Health Care
387,Health & Beauty > Health Care
388,Health & Beauty > Health Care
389,Health & Beauty > Health Care
390,Health & Beauty > Health Care
391,Health & Beauty > Health Care
392,Health & Beauty > Health Care
572,Health & Beauty > Personal Care > Sleeping Aids
572,Health & Beauty > Health Care
503,Health & Beauty > Health Care > Supports & Braces
436,Health & Beauty > Health Care > Medical Tests > Pregnancy Tests
400,Health & Beauty > Health Care > Mobility & Accessibility
572,Health & Beauty > Health Care > Mobility & Accessibility > Walking Aids
572,Health & Beauty > Health Care > Mobility & Accessibility
572,Health & Beauty > Health Care > Mobility & Accessibility
572,Health & Beauty > Health Care > Mobility & Accessibility
411,Health & Beauty > Health Care > Mobility & Accessibility
412,Health & Beauty > Health Care > Mobility & Accessibility
413,Health & Beauty > Health Care > First Aid > First Aid Kits
414,Health & Beauty > Health Care > First Aid > First Aid Kits
415,Health & Beauty > Health Care > First Aid > Medical Tape & Bandages
416,Health & Beauty > Health Care > First Aid > Antiseptics & Cleaning Supplies
417,Health & Beauty > Health Care > First Aid
418,Health & Beauty > Health Care > First Aid
419,Health & Beauty > Health Care > First Aid
420,Health & Beauty > Health Care > First Aid
421,Health & Beauty > Health Care > Pillboxes
422,Health & Beauty > Health Care > First Aid
423,Health & Beauty > Health Care > First Aid > Hot & Cold Therapies
424,Health & Beauty > Health Care > First Aid
427,Health & Beauty > Health Care > First Aid
430,Health & Beauty > Health Care > Condoms
431,Health & Beauty > Health Care
432,Mature > Erotic > Sex Toys
433,Health & Beauty > Health Care
434,Health & Beauty > Health Care
435,Health & Beauty > Health Care
436,Health & Beauty > Health Care > Medical Tests > Pregnancy Tests
440,Health & Beauty > Health Care > Fitness & Nutrition
441,Health & Beauty > Health Care > Fitness & Nutrition
442,Health & Beauty > Health Care > Fitness & Nutrition > Nutrition Drinks & Shakes
443,Health & Beauty > Health Care > Fitness & Nutrition > Nutrition Drinks & Shakes
444,Health & Beauty > Health Care > Fitness & Nutrition > Nutrition Drinks & Shakes
445,Health & Beauty > Health Care > Fitness & Nutrition > Vitamins & Supplements
446,Health & Beauty > Health Care > Fitness & Nutrition > Vitamins & Supplements
447,Health & Beauty > Health Care > Fitness & Nutrition > Vitamins & Supplements
448,Health & Beauty > Health Care > Fitness & Nutrition
449,Health & Beauty > Health Care > Fitness & Nutrition
450,Health & Beauty > Health Care > Fitness & Nutrition
451,Health & Beauty > Health Care > Fitness & Nutrition > Nutrition Drinks & Shakes
453,Baby & Toddler > Diapering > Baby Wipe Dispensers & Warmers
454,Baby & Toddler > Diapering
455,Baby & Toddler > Diapering
456,Baby & Toddler > Diapering > Diaper Rash Treatments
457,Baby & Toddler > Potty Training
458,Baby & Toddler > Diapering > Baby Wipes
459,Baby & Toddler > Nursing & Feeding > Baby & Toddler Food
460,Baby & Toddler > Nursing & Feeding > Bibs
461,Baby & Toddler > Nursing & Feeding > Baby Bottles
462,Baby & Toddler > Nursing & Feeding > Breast Pumps
463,Baby & Toddler > Nursing & Feeding
464,Baby & Toddler > Nursing & Feeding > Baby & Toddler Food
465,Baby & Toddler > Nursing & Feeding
466,Baby & Toddler > Nursing & Feeding > Bottle Warmers & Sterilizers
467,Baby & Toddler > Nursing & Feeding
468,Baby & Toddler > Baby Health
469,Baby & Toddler > Nursing & Feeding > Baby & Toddler Food > Baby Food
470,Baby & Toddler > Nursing & Feeding
471,Baby & Toddler > Nursing & Feeding > Bottle Warmers & Sterilizers
472,Baby & Toddler > Baby Health
473,Baby & Toddler > Baby Health
474,Baby & Toddler > Baby Health
475,Baby & Toddler > Baby Health
476,Baby & Toddler > Baby Health
477,Baby & Toddler > Baby Health
478,Baby & Toddler > Baby Health
479,Baby & Toddler > Baby Health
480,Baby & Toddler > Baby Health
481,Baby & Toddler > Baby Health
482,Baby & Toddler > Baby Health
483,Baby & Toddler > Baby Health
484,Baby & Toddler > Baby Health
485,Baby & Toddler > Baby Health
486,Baby & Toddler > Baby Health
487,Baby & Toddler > Baby Safety
488,Baby & Toddler > Swaddling & Receiving Blankets
489,Baby & Toddler > Baby Transport
490,Baby & Toddler > Baby Health
491,Baby & Toddler > Baby Health
492,Health & Beauty > Personal Care > Cosmetics > Skin Care
493,Baby & Toddler > Baby Health
494,Baby & Toddler > Baby Health
495,Health & Beauty > Health Care
497,"Food, Beverages & Tobacco > Food Items > Snack Foods"
498,"Food, Beverages & Tobacco > Beverages "
499,Home & Garden > Household Supplies
500,Home & Garden > Kitchen & Dining
501,Home & Garden > Bathroom Accessories
502,Home & Garden > Household Supplies
503,Home & Garden > Household Supplies
504,Home & Garden > Household Supplies > Laundry Supplies
505,Animals & Pet Supplies > Pet Supplies
506,Animals & Pet Supplies > Pet Supplies > Dog Supplies
510,Animals & Pet Supplies > Pet Supplies > Cat Supplies
513,Sporting Goods > Outdoor Recreation > Equestrian > Horse Care
517,Animals & Pet Supplies > Pet Supplies
518,Animals & Pet Supplies > Pet Supplies
519,Animals & Pet Supplies > Pet Supplies
521,Health & Beauty > Health Care
522,Health & Beauty > Health Care
523,Health & Beauty > Health Care
524,Health & Beauty > Health Care
525,Health & Beauty > Health Care
526,Health & Beauty > Health Care
527,Health & Beauty > Health Care
528,Health & Beauty > Health Care
530,Health & Beauty > Health Care
531,Health & Beauty > Health Care
532,Health & Beauty > Health Care
533,Health & Beauty > Health Care
534,Health & Beauty > Health Care
535,Health & Beauty > Health Care
537,Health & Beauty > Personal Care > Cosmetics > Perfume & Cologne
538,Health & Beauty > Personal Care > Cosmetics > Perfume & Cologne
539,Health & Beauty > Personal Care > Cosmetics > Perfume & Cologne
540,Health & Beauty > Personal Care > Cosmetics > Perfume & Cologne
541,Health & Beauty > Personal Care > Cosmetics > Perfume & Cologne
542,Health & Beauty > Personal Care > Cosmetics > Perfume & Cologne
543,Health & Beauty > Personal Care > Cosmetics > Perfume & Cologne
544,Health & Beauty > Personal Care > Cosmetics > Perfume & Cologne
545,Health & Beauty > Personal Care > Cosmetics > Perfume & Cologne
